<?xml version="1.0" encoding="UTF-8" ?>
<!DOCTYPE mapper PUBLIC "-//mybatis.org//DTD Mapper 3.0//EN" "http://mybatis.org/dtd/mybatis-3-mapper.dtd" >
<mapper namespace="com.group.lab.dao.ValueCardMapper" >
  <resultMap id="BaseResultMap" type="com.group.lab.model.ValueCard" >
    <id column="id" property="id" jdbcType="INTEGER" />
    <result column="order_id" property="orderId" jdbcType="INTEGER" />
    <result column="user_id" property="userId" jdbcType="INTEGER" />
    <result column="buyer_id" property="buyerId" jdbcType="VARCHAR" />
    <result column="num_iid" property="numIid" jdbcType="VARCHAR" />
    <result column="buy_price" property="buyPrice" jdbcType="DECIMAL" />
    <result column="card_price" property="cardPrice" jdbcType="DECIMAL" />
    <result column="create_time" property="createTime" jdbcType="TIMESTAMP" />
    <result column="confirm_time" property="confirmTime" jdbcType="TIMESTAMP" />
    <result column="state" property="state" jdbcType="VARCHAR" />
  </resultMap>
  <sql id="Example_Where_Clause" >
    <where >
      <foreach collection="oredCriteria" item="criteria" separator="or" >
        <if test="criteria.valid" >
          <trim prefix="(" suffix=")" prefixOverrides="and" >
            <foreach collection="criteria.criteria" item="criterion" >
              <choose >
                <when test="criterion.noValue" >
                  and ${criterion.condition}
                </when>
                <when test="criterion.singleValue" >
                  and ${criterion.condition} #{criterion.value}
                </when>
                <when test="criterion.betweenValue" >
                  and ${criterion.condition} #{criterion.value} and #{criterion.secondValue}
                </when>
                <when test="criterion.listValue" >
                  and ${criterion.condition}
                  <foreach collection="criterion.value" item="listItem" open="(" close=")" separator="," >
                    #{listItem}
                  </foreach>
                </when>
              </choose>
            </foreach>
          </trim>
        </if>
      </foreach>
    </where>
  </sql>
  <sql id="Update_By_Example_Where_Clause" >
    <where >
      <foreach collection="example.oredCriteria" item="criteria" separator="or" >
        <if test="criteria.valid" >
          <trim prefix="(" suffix=")" prefixOverrides="and" >
            <foreach collection="criteria.criteria" item="criterion" >
              <choose >
                <when test="criterion.noValue" >
                  and ${criterion.condition}
                </when>
                <when test="criterion.singleValue" >
                  and ${criterion.condition} #{criterion.value}
                </when>
                <when test="criterion.betweenValue" >
                  and ${criterion.condition} #{criterion.value} and #{criterion.secondValue}
                </when>
                <when test="criterion.listValue" >
                  and ${criterion.condition}
                  <foreach collection="criterion.value" item="listItem" open="(" close=")" separator="," >
                    #{listItem}
                  </foreach>
                </when>
              </choose>
            </foreach>
          </trim>
        </if>
      </foreach>
    </where>
  </sql>
  <sql id="Base_Column_List" >
    id, order_id, user_id, buyer_id, num_iid, buy_price, card_price, create_time, confirm_time, 
    state
  </sql>
  <select id="selectByExample" resultMap="BaseResultMap" parameterType="com.group.lab.model.ValueCardExample" >
    select
    <if test="distinct" >
      distinct
    </if>
    <include refid="Base_Column_List" />
    from lab_value_card
    <if test="_parameter != null" >
      <include refid="Example_Where_Clause" />
    </if>
    <if test="orderByClause != null" >
      order by ${orderByClause}
    </if>
  </select>
  <select id="selectByPrimaryKey" resultMap="BaseResultMap" parameterType="java.lang.Integer" >
    select 
    <include refid="Base_Column_List" />
    from lab_value_card
    where id = #{id,jdbcType=INTEGER}
  </select>
  <delete id="deleteByPrimaryKey" parameterType="java.lang.Integer" >
    delete from lab_value_card
    where id = #{id,jdbcType=INTEGER}
  </delete>
  <delete id="deleteByExample" parameterType="com.group.lab.model.ValueCardExample" >
    delete from lab_value_card
    <if test="_parameter != null" >
      <include refid="Example_Where_Clause" />
    </if>
  </delete>
  <insert id="insert" parameterType="com.group.lab.model.ValueCard" >
    insert into lab_value_card (id, order_id, user_id, 
      buyer_id, num_iid, buy_price, 
      card_price, create_time, confirm_time, 
      state)
    values (#{id,jdbcType=INTEGER}, #{orderId,jdbcType=INTEGER}, #{userId,jdbcType=INTEGER}, 
      #{buyerId,jdbcType=VARCHAR}, #{numIid,jdbcType=VARCHAR}, #{buyPrice,jdbcType=DECIMAL}, 
      #{cardPrice,jdbcType=DECIMAL}, #{createTime,jdbcType=TIMESTAMP}, #{confirmTime,jdbcType=TIMESTAMP}, 
      #{state,jdbcType=VARCHAR})
  </insert>
  <insert id="insertSelective" parameterType="com.group.lab.model.ValueCard" >
    insert into lab_value_card
    <trim prefix="(" suffix=")" suffixOverrides="," >
      <if test="id != null" >
        id,
      </if>
      <if test="orderId != null" >
        order_id,
      </if>
      <if test="userId != null" >
        user_id,
      </if>
      <if test="buyerId != null" >
        buyer_id,
      </if>
      <if test="numIid != null" >
        num_iid,
      </if>
      <if test="buyPrice != null" >
        buy_price,
      </if>
      <if test="cardPrice != null" >
        card_price,
      </if>
      <if test="createTime != null" >
        create_time,
      </if>
      <if test="confirmTime != null" >
        confirm_time,
      </if>
      <if test="state != null" >
        state,
      </if>
    </trim>
    <trim prefix="values (" suffix=")" suffixOverrides="," >
      <if test="id != null" >
        #{id,jdbcType=INTEGER},
      </if>
      <if test="orderId != null" >
        #{orderId,jdbcType=INTEGER},
      </if>
      <if test="userId != null" >
        #{userId,jdbcType=INTEGER},
      </if>
      <if test="buyerId != null" >
        #{buyerId,jdbcType=VARCHAR},
      </if>
      <if test="numIid != null" >
        #{numIid,jdbcType=VARCHAR},
      </if>
      <if test="buyPrice != null" >
        #{buyPrice,jdbcType=DECIMAL},
      </if>
      <if test="cardPrice != null" >
        #{cardPrice,jdbcType=DECIMAL},
      </if>
      <if test="createTime != null" >
        #{createTime,jdbcType=TIMESTAMP},
      </if>
      <if test="confirmTime != null" >
        #{confirmTime,jdbcType=TIMESTAMP},
      </if>
      <if test="state != null" >
        #{state,jdbcType=VARCHAR},
      </if>
    </trim>
  </insert>
  <select id="countByExample" parameterType="com.group.lab.model.ValueCardExample" resultType="java.lang.Integer" >
    select count(*) from lab_value_card
    <if test="_parameter != null" >
      <include refid="Example_Where_Clause" />
    </if>
  </select>
  <update id="updateByExampleSelective" parameterType="map" >
    update lab_value_card
    <set >
      <if test="record.id != null" >
        id = #{record.id,jdbcType=INTEGER},
      </if>
      <if test="record.orderId != null" >
        order_id = #{record.orderId,jdbcType=INTEGER},
      </if>
      <if test="record.userId != null" >
        user_id = #{record.userId,jdbcType=INTEGER},
      </if>
      <if test="record.buyerId != null" >
        buyer_id = #{record.buyerId,jdbcType=VARCHAR},
      </if>
      <if test="record.numIid != null" >
        num_iid = #{record.numIid,jdbcType=VARCHAR},
      </if>
      <if test="record.buyPrice != null" >
        buy_price = #{record.buyPrice,jdbcType=DECIMAL},
      </if>
      <if test="record.cardPrice != null" >
        card_price = #{record.cardPrice,jdbcType=DECIMAL},
      </if>
      <if test="record.createTime != null" >
        create_time = #{record.createTime,jdbcType=TIMESTAMP},
      </if>
      <if test="record.confirmTime != null" >
        confirm_time = #{record.confirmTime,jdbcType=TIMESTAMP},
      </if>
      <if test="record.state != null" >
        state = #{record.state,jdbcType=VARCHAR},
      </if>
    </set>
    <if test="_parameter != null" >
      <include refid="Update_By_Example_Where_Clause" />
    </if>
  </update>
  <update id="updateByExample" parameterType="map" >
    update lab_value_card
    set id = #{record.id,jdbcType=INTEGER},
      order_id = #{record.orderId,jdbcType=INTEGER},
      user_id = #{record.userId,jdbcType=INTEGER},
      buyer_id = #{record.buyerId,jdbcType=VARCHAR},
      num_iid = #{record.numIid,jdbcType=VARCHAR},
      buy_price = #{record.buyPrice,jdbcType=DECIMAL},
      card_price = #{record.cardPrice,jdbcType=DECIMAL},
      create_time = #{record.createTime,jdbcType=TIMESTAMP},
      confirm_time = #{record.confirmTime,jdbcType=TIMESTAMP},
      state = #{record.state,jdbcType=VARCHAR}
    <if test="_parameter != null" >
      <include refid="Update_By_Example_Where_Clause" />
    </if>
  </update>
  <update id="updateByPrimaryKeySelective" parameterType="com.group.lab.model.ValueCard" >
    update lab_value_card
    <set >
      <if test="orderId != null" >
        order_id = #{orderId,jdbcType=INTEGER},
      </if>
      <if test="userId != null" >
        user_id = #{userId,jdbcType=INTEGER},
      </if>
      <if test="buyerId != null" >
        buyer_id = #{buyerId,jdbcType=VARCHAR},
      </if>
      <if test="numIid != null" >
        num_iid = #{numIid,jdbcType=VARCHAR},
      </if>
      <if test="buyPrice != null" >
        buy_price = #{buyPrice,jdbcType=DECIMAL},
      </if>
      <if test="cardPrice != null" >
        card_price = #{cardPrice,jdbcType=DECIMAL},
      </if>
      <if test="createTime != null" >
        create_time = #{createTime,jdbcType=TIMESTAMP},
      </if>
      <if test="confirmTime != null" >
        confirm_time = #{confirmTime,jdbcType=TIMESTAMP},
      </if>
      <if test="state != null" >
        state = #{state,jdbcType=VARCHAR},
      </if>
    </set>
    where id = #{id,jdbcType=INTEGER}
  </update>
  <update id="updateByPrimaryKey" parameterType="com.group.lab.model.ValueCard" >
    update lab_value_card
    set order_id = #{orderId,jdbcType=INTEGER},
      user_id = #{userId,jdbcType=INTEGER},
      buyer_id = #{buyerId,jdbcType=VARCHAR},
      num_iid = #{numIid,jdbcType=VARCHAR},
      buy_price = #{buyPrice,jdbcType=DECIMAL},
      card_price = #{cardPrice,jdbcType=DECIMAL},
      create_time = #{createTime,jdbcType=TIMESTAMP},
      confirm_time = #{confirmTime,jdbcType=TIMESTAMP},
      state = #{state,jdbcType=VARCHAR}
    where id = #{id,jdbcType=INTEGER}
  </update>
</mapper>