<?xml version="1.0" encoding="UTF-8"?>
<!DOCTYPE generatorConfiguration
  PUBLIC "-//mybatis.org//DTD MyBatis Generator Configuration 1.0//EN"
  "http://mybatis.org/dtd/mybatis-generator-config_1_0.dtd">
<!--
Title：生成命令：java -jar mybatis-generator-core-1.3.2.jar -configfile mybatis-generator.xml  -overwrite
Author: leo.zhou
CreateDate: 2013-7-10
-->
<generatorConfiguration>
	<classPathEntry location="./mysql-connector-java-5.1.21.jar" />

	<context id="mfyc_Tables" targetRuntime="MyBatis3">
		<commentGenerator>
			<property name="suppressAllComments" value="true" />
		</commentGenerator>
		
		<jdbcConnection driverClass="com.mysql.jdbc.Driver" connectionURL="jdbc:mysql://101.200.230.3:3306/lab_test"
			userId="root" password="2ed7b468ef">
		</jdbcConnection>

		<javaTypeResolver>
			<property name="forceBigDecimals" value="false" />
		</javaTypeResolver>

		<javaModelGenerator targetPackage="com.group.lab.model"
			targetProject="./">
			<property name="enableSubPackages" value="true" />
			<property name="trimStrings" value="true" />
		</javaModelGenerator>

		<sqlMapGenerator targetPackage="mappers"
			targetProject="./">
			<property name="enableSubPackages" value="true" />
		</sqlMapGenerator>

		<javaClientGenerator type="XMLMAPPER"
			targetPackage="com.group.lab.dao"
			targetProject="./">
			<property name="enableSubPackages" value="true" />
		</javaClientGenerator>
		
		
		<table schema="" tableName="lab_exchange_pool" domainObjectName="ExchangePool" />
		
		

		

		<!--
		<table schema="general" tableName="tb_table_name" domainObjectName="EntityName"
            enableCountByExample="false" 
            enableUpdateByExample="false" 
            enableDeleteByExample="false"
            enableSelectByExample="false" 
            selectByExampleQueryId="false" >
            <property name="useActualColumnNames" value="true"/>
        </table>
		-->
		<!--
		<table schema="" tableName="T_CHECK" domainObjectName="Check" />
		
		<table schema="" tableName="T_SPORT_INSTRUCTOR" domainObjectName="SportInstructor" />
		<table schema="" tableName="T_SPORT_INSTRUCTOR_RECORD" domainObjectName="SportInstructorRecord" />
		<table schema="" tableName="T_SPORT_INSTRUCTOR_RESERVE" domainObjectName="SportInstructorReserve" />
		
		<table schema="" tableName="T_USER" domainObjectName="FrontUser" />
		
		<table schema="" tableName="T_MAIL_QUEUE" domainObjectName="MailQueue">
			<columnOverride column="CONTENT" javaType="String" jdbcType="VARCHAR" />
		</table>
		
		<table schema="" tableName="KKMY_APP_VERSION" domainObjectName="KkmyAppVersion" />
		<table schema="" tableName="KKMY_APP_VERSION_CONFIG" domainObjectName="KkmyAppVersionConfig" />
		-->
	</context>
</generatorConfiguration>